-- phpMyAdmin SQL Dump
-- version 5.1.1
-- https://www.phpmyadmin.net/
--
-- Hôte : 127.0.0.1
-- Généré le : dim. 13 mars 2022 à 16:24
-- Version du serveur : 10.4.21-MariaDB
-- Version de PHP : 8.0.10

SET SQL_MODE = "NO_AUTO_VALUE_ON_ZERO";
START TRANSACTION;
SET time_zone = "+00:00";


/*!40101 SET @OLD_CHARACTER_SET_CLIENT=@@CHARACTER_SET_CLIENT */;
/*!40101 SET @OLD_CHARACTER_SET_RESULTS=@@CHARACTER_SET_RESULTS */;
/*!40101 SET @OLD_COLLATION_CONNECTION=@@COLLATION_CONNECTION */;
/*!40101 SET NAMES utf8mb4 */;

--
-- Base de données : `test_wb`
--

-- --------------------------------------------------------

--
-- Structure de la table `mesure`
--

CREATE TABLE `mesure` (
  `id` int(11) NOT NULL,
  `session_id` int(11) DEFAULT NULL,
  `valeur` int(11) DEFAULT NULL,
  `date` datetime DEFAULT NULL
) ENGINE=InnoDB DEFAULT CHARSET=utf8 COLLATE=utf8_unicode_ci;

--
-- Déchargement des données de la table `mesure`
--

INSERT INTO `mesure` (`id`, `session_id`, `valeur`, `date`) VALUES
(2, 2, NULL, '2022-03-11 11:31:10'),
(4, 3, 14, '2022-03-11 11:31:27'),
(5, 3, 14, '2022-03-11 11:31:42'),
(7, 3, 14, '2022-03-11 11:33:29'),
(9, 3, 15, '2022-03-11 11:33:41'),
(10, 5, 26, '2022-03-11 11:33:41'),
(11, 5, 28, '2022-03-11 11:33:47'),
(13, 5, 29, '2022-03-11 11:36:09'),
(14, 3, 14, '2022-03-11 11:36:09'),
(15, 5, 30, '2022-03-11 11:36:14'),
(16, 5, 30, '2022-03-11 11:36:19'),
(17, 5, 30, '2022-03-11 11:36:24'),
(18, 5, 30, '2022-03-11 11:36:29'),
(19, 3, 15, '2022-03-11 11:36:34'),
(20, 5, 30, '2022-03-11 11:36:35'),
(21, 5, 30, '2022-03-11 11:36:40'),
(22, 5, 30, '2022-03-11 11:36:45'),
(23, 5, 30, '2022-03-11 11:36:50'),
(24, 5, 30, '2022-03-11 11:36:55'),
(25, 3, 16, '2022-03-11 11:36:59'),
(26, 5, 31, '2022-03-11 11:37:00'),
(27, 3, 15, '2022-03-11 11:37:05'),
(28, 5, 31, '2022-03-11 11:37:05'),
(30, 3, 13, '2022-03-11 11:48:57'),
(31, 5, 33, '2022-03-11 11:48:57'),
(32, 8, NULL, '2022-03-11 11:49:00'),
(33, 3, 13, '2022-03-11 11:49:00'),
(34, 8, 19, '2022-03-11 11:49:00'),
(35, 5, 33, '2022-03-11 11:49:00'),
(37, 3, 13, '2022-03-11 11:49:01'),
(38, 5, 31, '2022-03-11 11:49:01'),
(39, 8, 17, '2022-03-11 11:49:01'),
(40, 9, 1, '2022-03-11 11:49:01'),
(41, 5, 33, '2022-03-11 11:49:06'),
(42, 5, 33, '2022-03-11 11:49:11'),
(43, 8, 16, '2022-03-11 11:49:11'),
(44, 5, 31, '2022-03-11 11:49:16'),
(45, 8, 18, '2022-03-11 11:49:21'),
(46, 5, 32, '2022-03-11 11:49:21'),
(47, 5, 34, '2022-03-11 11:49:27'),
(48, 3, 11, '2022-03-11 11:49:27'),
(49, 8, 18, '2022-03-11 11:49:31'),
(50, 5, 34, '2022-03-11 11:49:32'),
(51, 5, 36, '2022-03-11 11:49:37'),
(52, 8, 18, '2022-03-11 11:49:41'),
(53, 5, 34, '2022-03-11 11:49:42'),
(54, 5, 36, '2022-03-11 11:49:47'),
(55, 8, 18, '2022-03-11 11:49:51'),
(56, 5, 35, '2022-03-11 11:49:52'),
(57, 3, 13, '2022-03-11 11:49:52'),
(58, 5, 37, '2022-03-11 11:49:57'),
(59, 8, 18, '2022-03-11 11:50:01'),
(60, 9, 1, '2022-03-11 11:50:01'),
(61, 5, 35, '2022-03-11 11:50:02'),
(62, 5, 37, '2022-03-11 11:50:07'),
(63, 8, 18, '2022-03-11 11:50:11'),
(64, 5, 38, '2022-03-11 11:50:12'),
(65, 5, 40, '2022-03-11 11:50:18'),
(66, 3, 15, '2022-03-11 11:50:18'),
(67, 8, 18, '2022-03-11 11:50:22'),
(68, 5, 39, '2022-03-11 11:50:22'),
(69, 5, 40, '2022-03-11 11:50:28'),
(70, 8, 18, '2022-03-11 11:50:32'),
(71, 5, 42, '2022-03-11 11:50:33'),
(72, 5, 42, '2022-03-11 11:50:38'),
(73, 8, 16, '2022-03-11 11:50:42'),
(74, 5, 43, '2022-03-11 11:50:43'),
(75, 3, 16, '2022-03-11 11:50:43'),
(76, 5, 45, '2022-03-11 11:50:48'),
(77, 8, 18, '2022-03-11 11:50:52'),
(78, 5, 46, '2022-03-11 11:50:53'),
(79, 5, 46, '2022-03-11 11:50:58'),
(80, 8, 17, '2022-03-11 11:51:02'),
(81, 9, 0, '2022-03-11 11:51:02'),
(82, 5, 46, '2022-03-11 11:51:03'),
(83, 5, 46, '2022-03-11 11:51:08'),
(84, 3, 16, '2022-03-11 11:51:08'),
(85, 8, 17, '2022-03-11 11:51:12'),
(86, 5, 45, '2022-03-11 11:51:13'),
(87, 5, 43, '2022-03-11 11:51:18'),
(88, 8, 17, '2022-03-11 11:51:22'),
(89, 5, 41, '2022-03-11 11:51:23'),
(90, 5, 40, '2022-03-11 11:51:28'),
(91, 8, 17, '2022-03-11 11:51:32'),
(92, 3, 15, '2022-03-11 11:51:33'),
(93, 5, 40, '2022-03-11 11:51:34'),
(94, 5, 41, '2022-03-11 11:51:39'),
(95, 8, 15, '2022-03-11 11:51:42'),
(96, 5, 41, '2022-03-11 11:51:44'),
(97, 5, 40, '2022-03-11 11:51:50'),
(98, 8, 15, '2022-03-11 11:51:52'),
(99, 5, 42, '2022-03-11 11:51:56'),
(100, 3, 15, '2022-03-11 11:51:58'),
(101, 5, 43, '2022-03-11 11:52:01'),
(102, 9, -1, '2022-03-11 11:52:02'),
(103, 8, 16, '2022-03-11 11:52:02'),
(104, 5, 45, '2022-03-11 11:52:06'),
(105, 5, 47, '2022-03-11 11:52:11'),
(106, 8, 14, '2022-03-11 11:52:12'),
(107, 5, 49, '2022-03-11 11:52:16'),
(108, 5, 49, '2022-03-11 11:52:21'),
(109, 8, 14, '2022-03-11 11:52:22'),
(110, 3, 15, '2022-03-11 11:52:23'),
(111, 5, 49, '2022-03-11 11:52:26'),
(112, 5, 49, '2022-03-11 11:52:31'),
(113, 8, 16, '2022-03-11 11:52:32'),
(114, 5, 49, '2022-03-11 11:52:36'),
(115, 5, 51, '2022-03-11 11:52:41'),
(116, 8, 17, '2022-03-11 11:52:42'),
(117, 5, 52, '2022-03-11 11:52:46'),
(118, 3, 15, '2022-03-11 11:52:48'),
(119, 5, 54, '2022-03-11 11:52:51'),
(120, 8, 16, '2022-03-11 11:52:52'),
(121, 5, 52, '2022-03-11 11:52:56'),
(122, 5, 52, '2022-03-11 11:53:01'),
(123, 8, 18, '2022-03-11 11:53:02'),
(124, 9, -2, '2022-03-11 11:53:02'),
(125, 5, 53, '2022-03-11 11:53:06'),
(126, 5, 54, '2022-03-11 11:53:11'),
(127, 8, 16, '2022-03-11 11:53:12'),
(128, 3, 15, '2022-03-11 11:53:13'),
(129, 5, 54, '2022-03-11 11:53:16'),
(130, 5, 56, '2022-03-11 11:53:21'),
(131, 8, 16, '2022-03-11 11:53:22'),
(132, 5, 54, '2022-03-11 11:53:26'),
(133, 5, 54, '2022-03-11 11:53:31'),
(134, 8, 16, '2022-03-11 11:53:32'),
(135, 5, 55, '2022-03-11 11:53:36'),
(136, 3, 15, '2022-03-11 11:53:38'),
(137, 5, 56, '2022-03-11 11:53:41'),
(138, 8, 18, '2022-03-11 11:53:42'),
(139, 5, 57, '2022-03-11 11:53:46'),
(140, 5, 57, '2022-03-11 11:53:51'),
(141, 8, 16, '2022-03-11 11:53:52'),
(142, 5, 56, '2022-03-11 11:53:56'),
(143, 5, 56, '2022-03-11 11:54:01'),
(144, 9, 0, '2022-03-11 11:54:02'),
(145, 8, 17, '2022-03-11 11:54:02'),
(146, 3, 17, '2022-03-11 11:54:02'),
(147, 5, 57, '2022-03-11 11:54:02'),
(148, 5, 59, '2022-03-11 11:54:08'),
(149, 8, 18, '2022-03-11 11:54:12'),
(150, 5, 57, '2022-03-11 11:54:13'),
(151, 5, 58, '2022-03-11 11:54:18'),
(152, 8, 18, '2022-03-11 11:54:22'),
(153, 5, 59, '2022-03-11 11:54:23'),
(154, 3, 16, '2022-03-11 11:54:27'),
(155, 5, 60, '2022-03-11 11:54:29'),
(156, 8, 19, '2022-03-11 11:54:32'),
(157, 5, 59, '2022-03-11 11:54:34'),
(158, 5, 59, '2022-03-11 11:54:39'),
(159, 8, 18, '2022-03-11 11:54:42'),
(160, 5, 58, '2022-03-11 11:54:44'),
(161, 3, 18, '2022-03-11 11:54:45'),
(162, 8, 19, '2022-03-11 11:54:45'),
(163, 5, 60, '2022-03-11 11:54:45'),
(165, 8, 20, '2022-03-11 11:54:47'),
(166, 5, 62, '2022-03-11 11:54:47'),
(167, 3, 18, '2022-03-11 11:54:47'),
(168, 10, 3, '2022-03-11 11:54:47'),
(169, 5, 61, '2022-03-11 11:55:03'),
(170, 3, 18, '2022-03-11 11:55:03'),
(171, 10, 3, '2022-03-11 11:55:03'),
(172, 8, 22, '2022-03-11 11:55:03'),
(173, 8, 22, '2022-03-11 11:55:05'),
(174, 3, 17, '2022-03-11 11:55:05'),
(175, 10, 4, '2022-03-11 11:55:05'),
(176, 3, 16, '2022-03-11 11:55:07'),
(177, 10, 5, '2022-03-11 11:55:07'),
(179, 10, 4, '2022-03-11 11:55:08'),
(180, 11, 8, '2022-03-11 11:55:08'),
(181, 3, 15, '2022-03-11 11:55:08'),
(183, 11, 7, '2022-03-11 11:55:09'),
(184, 10, 3, '2022-03-11 11:55:09'),
(185, 3, 14, '2022-03-11 11:55:09'),
(186, 12, 13, '2022-03-11 11:55:09'),
(187, 10, 4, '2022-03-11 11:55:18'),
(188, 3, 13, '2022-03-11 11:55:18'),
(189, 11, 7, '2022-03-11 11:55:18'),
(190, 12, 15, '2022-03-11 11:55:18'),
(191, 12, 16, '2022-03-11 11:55:20'),
(192, 11, 6, '2022-03-11 11:55:20'),
(193, 10, 6, '2022-03-11 11:55:20'),
(194, 11, 7, '2022-03-11 11:55:32'),
(195, 10, 6, '2022-03-11 11:55:32'),
(196, 12, 15, '2022-03-11 11:55:32'),
(197, 11, 5, '2022-03-11 11:55:39'),
(198, 12, 14, '2022-03-11 11:55:39'),
(199, 10, 7, '2022-03-11 11:55:39'),
(200, 11, 6, '2022-03-11 11:55:47'),
(201, 10, 5, '2022-03-11 11:55:47'),
(202, 12, 14, '2022-03-11 11:55:47'),
(203, 10, 3, '2022-03-11 11:55:58'),
(204, 11, 7, '2022-03-11 11:55:58'),
(205, 12, 16, '2022-03-11 11:55:58'),
(206, 12, 15, '2022-03-11 11:56:03'),
(207, 11, 6, '2022-03-11 11:56:08'),
(208, 12, 13, '2022-03-11 11:56:08'),
(209, 12, 11, '2022-03-11 11:56:13'),
(210, 11, 6, '2022-03-11 11:56:18'),
(211, 12, 9, '2022-03-11 11:56:18'),
(212, 10, 4, '2022-03-11 11:56:19'),
(213, 12, 8, '2022-03-11 11:56:19'),
(214, 12, 10, '2022-03-11 11:56:25'),
(215, 12, 12, '2022-03-11 11:56:30'),
(216, 12, 12, '2022-03-11 11:56:35'),
(217, 12, 13, '2022-03-11 11:56:40'),
(218, 12, 12, '2022-03-11 11:56:45'),
(219, 12, 10, '2022-03-11 11:56:50'),
(220, 12, 10, '2022-03-11 11:56:55'),
(221, 10, 4, '2022-03-11 11:56:59'),
(222, 12, 11, '2022-03-11 11:56:59'),
(223, 12, 10, '2022-03-11 11:57:04'),
(224, 12, 12, '2022-03-11 11:57:07'),
(225, 10, 2, '2022-03-11 11:57:07'),
(226, 12, 14, '2022-03-11 11:57:13'),
(227, 12, 14, '2022-03-11 11:57:18'),
(228, 12, 14, '2022-03-11 11:57:22'),
(229, 10, 1, '2022-03-11 11:57:22'),
(230, 12, 14, '2022-03-11 11:57:27'),
(231, 12, 14, '2022-03-11 11:57:32'),
(232, 12, 14, '2022-03-11 11:57:37'),
(233, 12, 15, '2022-03-11 11:57:38'),
(234, 10, 0, '2022-03-11 11:57:38'),
(235, 10, 1, '2022-03-11 11:57:42'),
(236, 12, 15, '2022-03-11 11:57:42'),
(237, 10, 0, '2022-03-11 11:57:46'),
(238, 12, 15, '2022-03-11 11:57:46'),
(239, 12, 17, '2022-03-11 11:57:51'),
(240, 10, 0, '2022-03-11 11:57:55'),
(241, 12, 15, '2022-03-11 11:57:55'),
(242, 12, 13, '2022-03-11 11:57:58'),
(243, 10, 1, '2022-03-11 11:57:58'),
(244, 12, 11, '2022-03-11 11:58:06'),
(245, 10, 3, '2022-03-11 11:58:06'),
(246, 10, 5, '2022-03-11 11:58:10'),
(247, 10, 5, '2022-03-11 11:58:39'),
(249, 10, 3, '2022-03-11 11:59:36'),
(250, 13, 11, '2022-03-11 11:59:36'),
(251, 13, 9, '2022-03-11 11:59:55'),
(252, 10, 1, '2022-03-11 11:59:55'),
(253, 13, 11, '2022-03-11 12:00:07'),
(254, 10, 3, '2022-03-11 12:00:07'),
(255, 13, 11, '2022-03-11 12:00:17'),
(256, 13, 10, '2022-03-11 12:00:37'),
(257, 10, 3, '2022-03-11 12:00:37'),
(258, 10, 5, '2022-03-11 12:00:39'),
(259, 10, 3, '2022-03-11 12:00:40'),
(261, 10, 3, '2022-03-11 12:00:41'),
(262, 14, 2, '2022-03-11 12:00:41'),
(264, 10, 1, '2022-03-11 12:00:46'),
(265, 14, 0, '2022-03-11 12:00:46'),
(266, 15, 12, '2022-03-11 12:00:46'),
(267, 10, 1, '2022-03-11 12:00:47'),
(268, 14, 2, '2022-03-11 12:00:47'),
(269, 10, 1, '2022-03-11 12:00:53'),
(270, 14, 1, '2022-03-11 12:00:53'),
(272, 16, 12, '2022-03-11 12:00:56'),
(273, 14, 1, '2022-03-11 12:00:56'),
(274, 10, -1, '2022-03-11 12:00:56'),
(276, 10, -1, '2022-03-11 12:00:57'),
(278, 14, 0, '2022-03-11 12:00:57'),
(279, 16, 12, '2022-03-11 12:00:57'),
(280, 16, 11, '2022-03-11 12:01:04'),
(282, 10, -2, '2022-03-11 12:01:04'),
(283, 14, 2, '2022-03-11 12:01:04'),
(284, 16, 12, '2022-03-11 12:01:09'),
(286, 16, 11, '2022-03-11 12:01:25'),
(287, 10, 0, '2022-03-11 12:01:25'),
(288, 14, 1, '2022-03-11 12:01:25'),
(289, 10, 0, '2022-03-11 12:01:26'),
(291, 16, 11, '2022-03-11 12:01:26'),
(292, 14, -1, '2022-03-11 12:01:27'),
(293, 16, 11, '2022-03-11 12:01:28'),
(294, 10, -2, '2022-03-11 12:01:28'),
(295, 14, 0, '2022-03-11 12:01:28'),
(296, 17, -1, '2022-03-11 12:01:28'),
(297, 14, -1, '2022-03-11 12:01:30'),
(298, 10, -4, '2022-03-11 12:01:30'),
(299, 17, -2, '2022-03-11 12:01:30'),
(300, 16, 11, '2022-03-11 12:01:30'),
(301, 17, -2, '2022-03-11 12:01:32'),
(302, 10, -4, '2022-03-11 12:01:32'),
(303, 16, 10, '2022-03-11 12:01:32'),
(304, 14, -3, '2022-03-11 12:01:32'),
(305, 14, -3, '2022-03-11 12:01:33'),
(306, 10, -4, '2022-03-11 12:01:33'),
(307, 17, -3, '2022-03-11 12:01:33'),
(308, 16, 10, '2022-03-11 12:01:33'),
(309, 17, -1, '2022-03-11 12:01:36'),
(310, 14, -3, '2022-03-11 12:01:36'),
(311, 10, -6, '2022-03-11 12:01:36'),
(313, 18, 26, '2022-03-11 12:01:39'),
(314, 14, -4, '2022-03-11 12:01:39'),
(315, 10, -7, '2022-03-11 12:01:39'),
(316, 17, -1, '2022-03-11 12:01:39'),
(317, 17, 0, '2022-03-11 12:01:42'),
(318, 10, -8, '2022-03-11 12:01:42'),
(319, 18, 27, '2022-03-11 12:01:42'),
(321, 17, 0, '2022-03-11 12:01:44'),
(322, 18, 27, '2022-03-11 12:01:44'),
(323, 10, -7, '2022-03-11 12:01:44'),
(324, 19, 28, '2022-03-11 12:01:44'),
(325, 10, -7, '2022-03-11 12:01:57'),
(326, 17, -1, '2022-03-11 12:01:57'),
(327, 18, 28, '2022-03-11 12:01:57'),
(328, 19, 29, '2022-03-11 12:01:57'),
(329, 18, 29, '2022-03-11 12:02:02'),
(330, 19, 28, '2022-03-11 12:02:07'),
(331, 18, 31, '2022-03-11 12:02:07'),
(332, 18, 32, '2022-03-11 12:02:12'),
(333, 19, 27, '2022-03-11 12:02:17'),
(334, 18, 30, '2022-03-11 12:02:18'),
(335, 17, -3, '2022-03-11 12:02:22'),
(336, 18, 29, '2022-03-11 12:02:23'),
(337, 19, 25, '2022-03-11 12:02:27'),
(338, 18, 29, '2022-03-11 12:02:29'),
(339, 18, 30, '2022-03-11 12:02:34'),
(340, 19, 24, '2022-03-11 12:02:37'),
(341, 18, 30, '2022-03-11 12:02:39'),
(342, 18, 30, '2022-03-11 12:02:44'),
(343, 17, -1, '2022-03-11 12:02:47'),
(344, 19, 26, '2022-03-11 12:02:48'),
(345, 18, 28, '2022-03-11 12:02:49'),
(346, 18, 28, '2022-03-11 12:02:54'),
(347, 10, -9, '2022-03-11 12:02:57'),
(348, 19, 28, '2022-03-11 12:02:58'),
(349, 18, 26, '2022-03-11 12:03:00'),
(350, 18, 24, '2022-03-11 12:03:05'),
(351, 17, -2, '2022-03-11 12:03:15'),
(352, 19, 26, '2022-03-11 12:03:15'),
(353, 18, 25, '2022-03-11 12:03:15'),
(354, 10, -10, '2022-03-11 12:03:15'),
(355, 19, 24, '2022-03-11 12:03:41'),
(356, 17, -1, '2022-03-11 12:03:41'),
(357, 18, 25, '2022-03-11 12:03:41'),
(358, 10, -11, '2022-03-11 12:03:41'),
(359, 19, 26, '2022-03-11 12:03:50'),
(360, 17, -3, '2022-03-11 12:03:50'),
(361, 18, 24, '2022-03-11 12:03:50'),
(362, 10, -12, '2022-03-11 12:03:50'),
(363, 18, 26, '2022-03-11 12:03:59'),
(364, 10, -12, '2022-03-11 12:03:59'),
(365, 17, -3, '2022-03-11 12:03:59'),
(366, 19, 25, '2022-03-11 12:03:59'),
(367, 10, -12, '2022-03-11 12:04:01'),
(368, 17, -2, '2022-03-11 12:04:01'),
(369, 19, 25, '2022-03-11 12:04:01'),
(370, 10, -13, '2022-03-11 12:04:04'),
(371, 17, -3, '2022-03-11 12:04:04'),
(372, 19, 26, '2022-03-11 12:04:04'),
(374, 19, 25, '2022-03-11 12:04:05'),
(375, 10, -14, '2022-03-11 12:04:05'),
(376, 20, 24, '2022-03-11 12:04:05'),
(377, 17, -5, '2022-03-11 12:04:05'),
(378, 20, 25, '2022-03-11 12:04:10'),
(379, 19, 23, '2022-03-11 12:04:15'),
(380, 20, 25, '2022-03-11 12:04:15'),
(381, 20, 25, '2022-03-11 12:04:20'),
(382, 19, 22, '2022-03-11 12:04:25'),
(383, 20, 24, '2022-03-11 12:04:25'),
(384, 17, -5, '2022-03-11 12:04:30'),
(385, 20, 24, '2022-03-11 12:04:30'),
(386, 19, 23, '2022-03-11 12:04:35'),
(387, 20, 25, '2022-03-11 12:04:35'),
(388, 20, 25, '2022-03-11 12:04:40'),
(389, 19, 25, '2022-03-11 12:04:45'),
(390, 20, 25, '2022-03-11 12:04:45'),
(391, 20, 25, '2022-03-11 12:04:50'),
(392, 17, -5, '2022-03-11 12:04:55'),
(393, 19, 26, '2022-03-11 12:04:55'),
(394, 20, 27, '2022-03-11 12:04:55'),
(395, 20, 27, '2022-03-11 12:05:00'),
(396, 10, -12, '2022-03-11 12:05:05'),
(397, 19, 25, '2022-03-11 12:05:06'),
(398, 20, 27, '2022-03-11 12:05:06'),
(399, 20, 29, '2022-03-11 12:05:11'),
(400, 19, 26, '2022-03-11 12:05:16'),
(401, 20, 27, '2022-03-11 12:05:17'),
(402, 17, -7, '2022-03-11 12:05:20'),
(403, 20, 28, '2022-03-11 12:05:22'),
(404, 19, 28, '2022-03-11 12:05:26'),
(405, 20, 30, '2022-03-11 12:05:27'),
(406, 20, 31, '2022-03-11 12:05:32'),
(407, 19, 26, '2022-03-11 12:05:36'),
(408, 20, 33, '2022-03-11 12:05:37'),
(409, 20, 35, '2022-03-11 12:05:42'),
(410, 17, -7, '2022-03-11 12:05:45'),
(411, 19, 27, '2022-03-11 12:05:47'),
(412, 20, 37, '2022-03-11 12:05:48'),
(413, 20, 37, '2022-03-11 12:05:53'),
(414, 19, 26, '2022-03-11 12:05:57'),
(415, 20, 37, '2022-03-11 12:05:58'),
(416, 20, 37, '2022-03-11 12:06:03'),
(417, 10, -14, '2022-03-11 12:06:05'),
(418, 19, 25, '2022-03-11 12:06:07'),
(419, 20, 36, '2022-03-11 12:06:08'),
(420, 17, -8, '2022-03-11 12:06:10'),
(421, 20, 34, '2022-03-11 12:06:14'),
(422, 19, 23, '2022-03-11 12:06:18'),
(423, 20, 36, '2022-03-11 12:06:19'),
(424, 20, 36, '2022-03-11 12:06:24'),
(425, 19, 25, '2022-03-11 12:06:28'),
(426, 20, 35, '2022-03-11 12:06:29'),
(427, 20, 34, '2022-03-11 12:06:34'),
(428, 17, -10, '2022-03-11 12:06:35'),
(429, 19, 23, '2022-03-11 12:06:38'),
(430, 20, 36, '2022-03-11 12:06:39'),
(431, 20, 36, '2022-03-11 12:06:44'),
(432, 19, 23, '2022-03-11 12:06:48'),
(433, 20, 37, '2022-03-11 12:06:49'),
(434, 20, 37, '2022-03-11 12:06:54'),
(435, 19, 24, '2022-03-11 12:06:58'),
(436, 20, 36, '2022-03-11 12:06:59'),
(437, 17, -8, '2022-03-11 12:07:00'),
(438, 20, 38, '2022-03-11 12:07:04'),
(439, 10, -16, '2022-03-11 12:07:05'),
(440, 19, 23, '2022-03-11 12:07:08'),
(441, 20, 37, '2022-03-11 12:07:09'),
(442, 20, 37, '2022-03-11 12:07:14'),
(443, 19, 22, '2022-03-11 12:07:18'),
(444, 20, 36, '2022-03-11 12:07:19'),
(445, 20, 36, '2022-03-11 12:07:24'),
(446, 17, -6, '2022-03-11 12:07:25'),
(447, 19, 22, '2022-03-11 12:07:28'),
(448, 20, 34, '2022-03-11 12:07:29'),
(449, 20, 34, '2022-03-11 12:07:34'),
(450, 19, 23, '2022-03-11 12:07:39'),
(451, 20, 34, '2022-03-11 12:07:40'),
(452, 20, 32, '2022-03-11 12:07:45'),
(453, 19, 25, '2022-03-11 12:07:49'),
(454, 20, 34, '2022-03-11 12:07:50'),
(455, 17, -4, '2022-03-11 12:07:51'),
(456, 20, 32, '2022-03-11 12:07:55'),
(457, 19, 23, '2022-03-11 12:07:59'),
(458, 17, -2, '2022-03-11 12:08:08'),
(459, 19, 25, '2022-03-11 12:08:08'),
(460, 20, 32, '2022-03-11 12:08:08'),
(461, 10, -16, '2022-03-11 12:08:08'),
(462, 17, -3, '2022-03-11 12:08:21'),
(463, 20, 34, '2022-03-11 12:08:21'),
(464, 10, -14, '2022-03-11 12:08:21'),
(465, 19, 26, '2022-03-11 12:08:21'),
(466, 17, -5, '2022-03-11 12:08:30'),
(467, 20, 32, '2022-03-11 12:08:30'),
(468, 19, 26, '2022-03-11 12:08:30'),
(469, 10, -16, '2022-03-11 12:08:30'),
(470, 20, 30, '2022-03-11 12:08:32'),
(471, 17, -5, '2022-03-11 12:08:32'),
(472, 19, 26, '2022-03-11 12:08:32'),
(474, 21, 27, '2022-03-11 12:08:33'),
(475, 20, 29, '2022-03-11 12:08:33'),
(476, 17, -6, '2022-03-11 12:08:33'),
(477, 19, 27, '2022-03-11 12:08:33'),
(478, 17, -7, '2022-03-11 12:08:35'),
(479, 19, 25, '2022-03-11 12:08:35'),
(480, 21, 29, '2022-03-11 12:08:35'),
(482, 19, 27, '2022-03-11 12:08:37'),
(483, 22, 23, '2022-03-11 12:08:37'),
(484, 21, 31, '2022-03-11 12:08:37'),
(485, 17, -9, '2022-03-11 12:08:37'),
(486, 22, 23, '2022-03-11 12:08:42'),
(487, 19, 26, '2022-03-11 12:08:47'),
(488, 22, 22, '2022-03-11 12:08:48'),
(489, 22, 20, '2022-03-11 12:08:53'),
(490, 19, 27, '2022-03-11 12:08:57'),
(491, 22, 20, '2022-03-11 12:08:58'),
(492, 17, -9, '2022-03-11 12:09:02'),
(493, 22, 20, '2022-03-11 12:09:04'),
(494, 19, 29, '2022-03-11 12:09:08'),
(495, 22, 21, '2022-03-11 12:09:09'),
(496, 22, 21, '2022-03-11 12:09:14'),
(497, 19, 31, '2022-03-11 12:09:18'),
(498, 22, 23, '2022-03-11 12:09:19'),
(499, 22, 24, '2022-03-11 12:09:24'),
(500, 17, -10, '2022-03-11 12:09:27'),
(501, 19, 30, '2022-03-11 12:09:29'),
(502, 22, 22, '2022-03-11 12:09:30'),
(503, 22, 24, '2022-03-11 12:09:35'),
(504, 21, 29, '2022-03-11 12:09:37'),
(505, 17, -9, '2022-03-11 12:09:37'),
(506, 19, 30, '2022-03-11 12:09:37'),
(507, 22, 26, '2022-03-11 12:09:37'),
(508, 22, 25, '2022-03-11 12:09:43'),
(509, 19, 29, '2022-03-11 12:09:47'),
(510, 22, 24, '2022-03-11 12:09:48'),
(511, 22, 23, '2022-03-11 12:09:53'),
(512, 19, 30, '2022-03-11 12:09:57'),
(513, 22, 25, '2022-03-11 12:09:58'),
(514, 17, -8, '2022-03-11 12:10:02'),
(515, 22, 25, '2022-03-11 12:10:04'),
(516, 19, 30, '2022-03-11 12:10:07'),
(517, 22, 25, '2022-03-11 12:10:09'),
(518, 22, 24, '2022-03-11 12:10:14'),
(519, 19, 30, '2022-03-11 12:10:17'),
(520, 22, 26, '2022-03-11 12:10:19'),
(521, 22, 25, '2022-03-11 12:10:24'),
(522, 17, -9, '2022-03-11 12:10:27'),
(523, 19, 30, '2022-03-11 12:10:28'),
(524, 22, 25, '2022-03-11 12:10:29'),
(525, 22, 25, '2022-03-11 12:10:34'),
(526, 19, 30, '2022-03-11 12:10:38'),
(527, 22, 25, '2022-03-11 12:10:40'),
(528, 22, 27, '2022-03-11 12:10:45'),
(529, 19, 29, '2022-03-11 12:10:48'),
(530, 22, 28, '2022-03-11 12:10:50'),
(531, 17, -7, '2022-03-11 12:10:52'),
(532, 22, 30, '2022-03-11 12:10:55'),
(533, 19, 30, '2022-03-11 12:10:58'),
(534, 22, 31, '2022-03-11 12:11:00'),
(535, 22, 30, '2022-03-11 12:11:05'),
(536, 19, 28, '2022-03-11 12:11:08'),
(537, 22, 28, '2022-03-11 12:11:10'),
(538, 22, 28, '2022-03-11 12:11:15'),
(539, 17, -5, '2022-03-11 12:11:17'),
(540, 19, 26, '2022-03-11 12:11:18'),
(541, 22, 30, '2022-03-11 12:11:20'),
(542, 22, 32, '2022-03-11 12:11:25'),
(543, 19, 28, '2022-03-11 12:11:29'),
(544, 22, 30, '2022-03-11 12:11:30'),
(545, 22, 29, '2022-03-11 12:11:35'),
(546, 19, 30, '2022-03-11 12:11:39'),
(547, 22, 30, '2022-03-11 12:11:40'),
(548, 17, -3, '2022-03-11 12:11:42'),
(549, 22, 30, '2022-03-11 12:11:46'),
(550, 19, 30, '2022-03-11 12:11:50'),
(551, 22, 30, '2022-03-11 12:11:51'),
(552, 22, 30, '2022-03-11 12:11:56'),
(553, 19, 30, '2022-03-11 12:12:00'),
(554, 22, 30, '2022-03-11 12:12:01'),
(555, 22, 30, '2022-03-11 12:12:06'),
(556, 17, -3, '2022-03-11 12:12:07'),
(557, 19, 30, '2022-03-11 12:12:10'),
(558, 22, 30, '2022-03-11 12:12:11'),
(559, 22, 30, '2022-03-11 12:12:16'),
(560, 19, 32, '2022-03-11 12:12:20'),
(561, 22, 32, '2022-03-11 12:12:21'),
(562, 22, 31, '2022-03-11 12:12:26'),
(563, 19, 34, '2022-03-11 12:12:30'),
(564, 22, 32, '2022-03-11 12:12:31'),
(565, 17, -1, '2022-03-11 12:12:32'),
(566, 22, 32, '2022-03-11 12:12:36'),
(567, 19, 32, '2022-03-11 12:12:40'),
(568, 22, 34, '2022-03-11 12:12:41'),
(569, 22, 35, '2022-03-11 12:12:46'),
(570, 19, 30, '2022-03-11 12:12:51'),
(571, 22, 37, '2022-03-11 12:12:52'),
(572, 17, 1, '2022-03-11 12:12:52'),
(573, 19, 31, '2022-03-11 12:12:52'),
(574, 19, 31, '2022-03-11 12:13:02'),
(575, 19, 30, '2022-03-11 12:13:12'),
(576, 17, 3, '2022-03-11 12:13:17'),
(577, 19, 29, '2022-03-11 12:13:23'),
(578, 19, 29, '2022-03-11 12:13:33'),
(579, 17, 1, '2022-03-11 12:13:42'),
(580, 19, 27, '2022-03-11 12:13:44'),
(581, 19, 26, '2022-03-11 12:13:54'),
(582, 19, 28, '2022-03-11 12:14:04'),
(583, 17, 0, '2022-03-11 12:14:07'),
(584, 19, 30, '2022-03-11 12:14:15'),
(585, 19, 31, '2022-03-11 12:14:25'),
(586, 17, -1, '2022-03-11 12:14:32'),
(587, 19, 33, '2022-03-11 12:14:36'),
(588, 19, 33, '2022-03-11 12:14:46'),
(589, 19, 32, '2022-03-11 12:14:56'),
(590, 17, -2, '2022-03-11 12:14:57'),
(591, 19, 32, '2022-03-11 12:15:06'),
(592, 19, 34, '2022-03-11 12:15:16'),
(593, 17, -2, '2022-03-11 12:15:22'),
(594, 19, 36, '2022-03-11 12:15:26'),
(595, 19, 36, '2022-03-11 12:15:36'),
(596, 19, 35, '2022-03-11 12:15:46'),
(597, 17, -1, '2022-03-11 12:15:47'),
(598, 19, 36, '2022-03-11 12:15:56'),
(599, 19, 38, '2022-03-11 12:16:06'),
(600, 17, -1, '2022-03-11 12:16:12'),
(601, 19, 37, '2022-03-11 12:16:16'),
(602, 19, 39, '2022-03-11 12:16:26'),
(603, 19, 39, '2022-03-11 12:16:36'),
(604, 17, -3, '2022-03-11 12:16:37'),
(605, 19, 39, '2022-03-11 12:16:46'),
(606, 19, 39, '2022-03-11 12:16:57'),
(607, 17, -3, '2022-03-11 12:17:03'),
(608, 19, 39, '2022-03-11 12:17:07'),
(609, 19, 38, '2022-03-11 12:17:17'),
(610, 19, 38, '2022-03-11 12:17:27'),
(611, 17, -3, '2022-03-11 12:17:28'),
(612, 19, 38, '2022-03-11 12:17:37'),
(613, 17, -3, '2022-03-11 12:17:41'),
(614, 17, -3, '2022-03-11 12:17:43'),
(616, 23, 22, '2022-03-11 12:17:44'),
(617, 17, -4, '2022-03-11 12:17:44'),
(618, 24, NULL, '2022-03-11 12:17:45'),
(619, 17, -4, '2022-03-11 12:17:46'),
(620, 23, 20, '2022-03-11 12:17:46'),
(621, 24, 28, '2022-03-11 12:17:46'),
(622, 17, -4, '2022-03-11 12:17:46'),
(623, 23, 19, '2022-03-11 12:17:46'),
(624, 24, 28, '2022-03-11 12:17:46'),
(625, 23, 19, '2022-03-11 12:17:51'),
(626, 23, 20, '2022-03-11 12:17:56'),
(627, 24, 28, '2022-03-11 12:17:56'),
(628, 23, 19, '2022-03-11 12:17:57'),
(629, 24, 30, '2022-03-11 12:17:57'),
(630, 17, -4, '2022-03-11 12:17:57'),
(631, 17, -6, '2022-03-11 12:18:08'),
(632, 24, 30, '2022-03-11 12:18:08'),
(633, 23, 20, '2022-03-11 12:18:08'),
(634, 24, 28, '2022-03-11 12:18:20'),
(635, 17, -5, '2022-03-11 12:18:20'),
(636, 23, 20, '2022-03-11 12:18:20'),
(637, 23, 20, '2022-03-11 12:18:48'),
(638, 24, 26, '2022-03-11 12:18:48'),
(639, 24, 25, '2022-03-11 12:18:48'),
(640, 17, -2, '2022-03-11 12:18:48'),
(641, 24, 23, '2022-03-11 12:18:58'),
(642, 24, 25, '2022-03-11 12:19:06'),
(643, 17, -1, '2022-03-11 12:19:06'),
(644, 17, -2, '2022-03-11 12:19:14'),
(645, 24, 23, '2022-03-11 12:19:14'),
(646, 24, 25, '2022-03-11 12:19:24'),
(647, 24, 25, '2022-03-11 12:19:34'),
(648, 17, -2, '2022-03-11 12:19:39'),
(649, 24, 23, '2022-03-11 12:19:44'),
(650, 17, -1, '2022-03-11 12:19:47'),
(651, 24, 22, '2022-03-11 12:19:47'),
(652, 24, 23, '2022-03-11 12:19:57'),
(653, 24, 21, '2022-03-11 12:20:07');

-- --------------------------------------------------------

--
-- Structure de la table `module`
--

CREATE TABLE `module` (
  `id` int(11) NOT NULL,
  `etat` int(11) NOT NULL,
  `nom` tinytext COLLATE utf8_unicode_ci NOT NULL,
  `periode` int(11) NOT NULL,
  `nbSerie` tinytext COLLATE utf8_unicode_ci DEFAULT NULL,
  `description` text COLLATE utf8_unicode_ci NOT NULL,
  `unite` tinytext COLLATE utf8_unicode_ci NOT NULL
) ENGINE=InnoDB DEFAULT CHARSET=utf8 COLLATE=utf8_unicode_ci;

--
-- Déchargement des données de la table `module`
--

INSERT INTO `module` (`id`, `etat`, `nom`, `periode`, `nbSerie`, `description`, `unite`) VALUES
(2, 2, 'Thermomètre', 25, 'kj7754jnn', 'Un petit thermomètre', '°C'),
(3, 1, 'tachymètre', 5, 'hv26444mlo', 'Capteur de vitesse', 'km/h'),
(4, 2, 'tachymètre 2', 10, 'bubu47h4', 'Oui', 'm/s'),
(5, 0, 'compteur Geiger', 60, '', 'Mesure la radioactivié', 'µSv/h');

-- --------------------------------------------------------

--
-- Structure de la table `session`
--

CREATE TABLE `session` (
  `id` int(11) NOT NULL,
  `module_id` int(11) DEFAULT NULL,
  `etat` int(11) NOT NULL,
  `startDate` datetime DEFAULT NULL,
  `endDate` datetime DEFAULT NULL
) ENGINE=InnoDB DEFAULT CHARSET=utf8 COLLATE=utf8_unicode_ci;

--
-- Déchargement des données de la table `session`
--

INSERT INTO `session` (`id`, `module_id`, `etat`, `startDate`, `endDate`) VALUES
(2, 2, 0, '2022-03-11 11:31:10', NULL),
(3, 2, 0, '2022-03-11 11:31:27', '2022-03-11 11:55:20'),
(5, 3, 0, '2022-03-11 11:33:41', '2022-03-11 11:55:05'),
(8, 4, 0, '2022-03-11 11:49:00', '2022-03-11 11:55:07'),
(9, 5, 0, '2022-03-11 11:49:01', '2022-03-11 11:54:45'),
(10, 5, 0, '2022-03-11 11:54:47', '2022-03-11 12:08:32'),
(11, 4, 0, '2022-03-11 11:55:08', '2022-03-11 11:57:58'),
(12, 3, 0, '2022-03-11 11:55:09', '2022-03-11 11:58:10'),
(13, 4, 0, '2022-03-11 11:59:36', '2022-03-11 12:00:40'),
(14, 4, 0, '2022-03-11 12:00:41', '2022-03-11 12:01:42'),
(15, 3, 0, '2022-03-11 12:00:46', '2022-03-11 12:00:47'),
(16, 3, 0, '2022-03-11 12:00:55', '2022-03-11 12:01:36'),
(17, 2, 2, '2022-03-11 12:00:57', NULL),
(18, 3, 0, '2022-03-11 12:01:39', '2022-03-11 12:04:04'),
(19, 4, 0, '2022-03-11 12:01:44', '2022-03-11 12:17:40'),
(20, 3, 0, '2022-03-11 12:04:05', '2022-03-11 12:08:35'),
(21, 5, 0, '2022-03-11 12:08:33', '2022-03-11 12:17:57'),
(22, 3, 0, '2022-03-11 12:08:36', '2022-03-11 12:17:43'),
(23, 3, 0, '2022-03-11 12:17:44', '2022-03-11 12:18:48'),
(24, 4, 2, '2022-03-11 12:17:45', NULL);

--
-- Index pour les tables déchargées
--

--
-- Index pour la table `mesure`
--
ALTER TABLE `mesure`
  ADD PRIMARY KEY (`id`),
  ADD KEY `IDX_58B76B46613FECDF` (`session_id`);

--
-- Index pour la table `module`
--
ALTER TABLE `module`
  ADD PRIMARY KEY (`id`);

--
-- Index pour la table `session`
--
ALTER TABLE `session`
  ADD PRIMARY KEY (`id`),
  ADD KEY `IDX_1FF9EC48AFC2B591` (`module_id`);

--
-- AUTO_INCREMENT pour les tables déchargées
--

--
-- AUTO_INCREMENT pour la table `mesure`
--
ALTER TABLE `mesure`
  MODIFY `id` int(11) NOT NULL AUTO_INCREMENT, AUTO_INCREMENT=654;

--
-- AUTO_INCREMENT pour la table `module`
--
ALTER TABLE `module`
  MODIFY `id` int(11) NOT NULL AUTO_INCREMENT, AUTO_INCREMENT=6;

--
-- AUTO_INCREMENT pour la table `session`
--
ALTER TABLE `session`
  MODIFY `id` int(11) NOT NULL AUTO_INCREMENT, AUTO_INCREMENT=25;

--
-- Contraintes pour les tables déchargées
--

--
-- Contraintes pour la table `mesure`
--
ALTER TABLE `mesure`
  ADD CONSTRAINT `FK_58B76B46613FECDF` FOREIGN KEY (`session_id`) REFERENCES `session` (`id`);

--
-- Contraintes pour la table `session`
--
ALTER TABLE `session`
  ADD CONSTRAINT `FK_1FF9EC48AFC2B591` FOREIGN KEY (`module_id`) REFERENCES `module` (`id`);
COMMIT;

/*!40101 SET CHARACTER_SET_CLIENT=@OLD_CHARACTER_SET_CLIENT */;
/*!40101 SET CHARACTER_SET_RESULTS=@OLD_CHARACTER_SET_RESULTS */;
/*!40101 SET COLLATION_CONNECTION=@OLD_COLLATION_CONNECTION */;
